Generation,Best Score,Average Score,Best Lap Time,Laps,Average Laps,TPS,Time Spent,Last Mutate Rate,Last Evolution,Father Rank
4258,10000.0,1852.487,4092.0,1.0,0.002,8,137.3569037914276,r,-,0
4259,10000.0,2100.697,4016.0,1.0,0.006,35,183.36143517494202,n,0.2,42
4260,10000.0,2599.144,4016.0,1.0,0.062,38585,164.33469414710999,i,-,0
4261,10000.0,3011.501,4016.0,1.0,0.095,32,141.00664806365967,p,-,0
4262,10000.0,3457.137,3993.0,1.0,0.129,26,206.33218812942505,m,0.1,36
4263,10000.0,3745.129,3961.0,1.0,0.156,10,240.8647780418396,m,0.1,0
4264,10000.0,3965.287,3958.0,1.0,0.18,28,147.39387798309326,c,-,168
4265,10000.0,4826.444,3927.0,1.0,0.286,20,360.91718196868896,m,0.1,3
4266,10000.0,5875.188,3927.0,1.0,0.447,18,229.45108699798584,i,-,0
4267,10000.0,6253.347,3927.0,1.0,0.487,19,232.40410995483398,m,0.1,119
4268,10000.0,6336.481,3920.0,1.0,0.494,19,260.2144467830658,m,0.1,18
4269,10000.0,6337.144,3920.0,1.0,0.493,16,262.47197794914246,i,-,0
4270,10000.0,6507.055,3894.0,1.0,0.505,18,214.34738898277283,n,0.02,60
4271,10000.0,6601.355,3893.0,1.0,0.514,41752,229.20487904548645,c,-,32
4272,10000.0,6614.361,3892.0,1.0,0.529,14,262.44751930236816,c,-,175
4273,10000.0,6513.323,3874.0,1.0,0.506,18,272.09626293182373,m,0.02,145
4274,10000.0,6549.932,3874.0,1.0,0.51,14,291.74487590789795,i,-,0
4275,10000.0,6452.438,3874.0,1.0,0.511,15,215.1063928604126,p,-,0
4276,10000.0,5953.046,3865.0,1.0,0.447,16,232.3889217376709,m,0.1,73
4277,10000.0,6113.118,3865.0,1.0,0.46,19,206.09315514564514,i,-,0
4278,10000.0,6147.567,3865.0,1.0,0.463,17,216.30739879608154,p,-,0
4279,10000.0,6089.94,3854.0,1.0,0.46,18,244.85311198234558,m,0.02,16
4280,10000.0,6210.161,3847.0,1.0,0.474,20,210.58013319969177,m,0.02,25
4281,10000.0,6085.93,3847.0,1.0,0.448,20,192.6344130039215,i,-,0
4282,10000.0,6266.262,3846.0,1.0,0.477,20,189.70085096359253,m,0.05,66
4283,10000.0,6740.016,3846.0,1.0,0.536,20,198.54586601257324,i,-,0
4284,10000.0,6535.634,3846.0,1.0,0.519,22,184.73628187179565,p,-,0
4285,10000.0,6445.406,3846.0,1.0,0.503,20,200.25570702552795,i,-,0
4286,10000.0,6652.635,3842.0,1.0,0.518,19,216.92638635635376,c,-,150
4287,10000.0,6342.683,3823.0,1.0,0.486,21,193.95018696784973,m,0.02,1
4288,10000.0,6213.134,3823.0,1.0,0.469,20,197.521311044693,i,-,0
4289,10000.0,6210.212,3823.0,1.0,0.482,20,189.2922649383545,p,-,0
4290,10000.0,6469.734,3822.0,1.0,0.514,21,188.96316599845886,m,0.05,3
4291,10000.0,6355.741,3817.0,1.0,0.487,22,180.15331625938416,c,-,20
4292,10000.0,6404.953,3814.0,1.0,0.506,20,196.95256304740906,c,-,60
4293,10000.0,6250.503,3799.0,1.0,0.492,21,187.46648812294006,c,-,21
4294,10000.0,6170.607,3799.0,1.0,0.48,16,245.32887387275696,i,-,0
4295,10000.0,6170.607,3799.0,1.0,0.48,16,251.72335290908813,r,-,0
4296,10000.0,5772.202,3799.0,1.0,0.438,17,238.23400282859802,n,0.05,235
4297,10000.0,6080.511,3799.0,1.0,0.474,17,234.604966878891,p,-,0
4298,10000.0,5657.002,3793.0,1.0,0.414,19,213.4781150817871,m,0.02,5
4299,10000.0,5722.311,3793.0,1.0,0.427,19,210.07592511177063,i,-,0
4300,10000.0,5598.658,3793.0,1.0,0.413,19,264.05116391181946,p,-,0
4301,10000.0,5556.405,3793.0,1.0,0.403,19,194.53875708580017,p,-,0
4302,10000.0,5642.7,3793.0,1.0,0.405,10,207.6454119682312,p,-,0
4303,10000.0,5185.704,3791.0,1.0,0.351,11,191.86843514442444,c,-,95
4304,10000.0,5356.694,3791.0,1.0,0.379,15,197.83331108093262,i,-,0
4305,10000.0,5259.337,3791.0,1.0,0.374,18,285.4496421813965,p,-,0
4306,10000.0,5245.919,3788.0,1.0,0.355,25,164.07399201393127,m,0.02,45
4307,10000.0,5357.552,3787.0,1.0,0.371,22,175.8075132369995,n,0.02,194
4308,10000.0,5290.747,3782.0,1.0,0.358,23,171.8802628517151,c,-,101
4309,10000.0,5143.344,3780.0,1.0,0.343,23,180.20096516609192,m,0.1,92
4310,10000.0,5314.923,3775.0,1.0,0.361,24,164.69613695144653,m,0.02,25
4311,10000.0,5398.254,3769.0,1.0,0.369,21,181.21659898757935,m,0.02,29
4312,10000.0,5210.195,3769.0,1.0,0.342,12,313.706992149353,i,-,0
4313,10000.0,5118.211,3768.0,1.0,0.337,9,388.597115278244,m,0.02,54
4314,10000.0,4973.634,3768.0,1.0,0.314,7,565.9218809604645,i,-,0
4315,10000.0,4973.634,3768.0,1.0,0.314,19,204.04212975502014,r,-,0
4316,10000.0,4451.635,3768.0,1.0,0.251,19,202.6202380657196,i,-,0
4317,10000.0,4645.518,3768.0,1.0,0.273,17,231.99418330192566,p,-,0
4318,10000.0,4518.86,3764.0,1.0,0.251,17,231.2668161392212,m,0.02,2
4319,10000.0,4552.266,3764.0,1.0,0.254,16,257.0908012390137,i,-,0
4320,10000.0,4726.879,3764.0,1.0,0.272,15,260.3792767524719,i,-,0
4321,10000.0,4597.299,3761.0,1.0,0.253,15,252.88451290130615,c,-,31
4322,10000.0,4692.858,3760.0,1.0,0.25,16,256.95342206954956,c,-,50
4323,10000.0,4714.281,3760.0,1.0,0.268,16,250.9716339111328,i,-,0
4324,10000.0,4772.86,3758.0,1.0,0.293,15,252.59622716903687,c,-,19
4325,10000.0,4644.537,3758.0,1.0,0.269,18,211.43461298942566,i,-,0
4326,10000.0,4593.722,3757.0,1.0,0.257,19565,220.03968405723572,c,-,72
4327,10000.0,4704.172,3757.0,1.0,0.261,9,360.49025201797485,i,-,0
4328,10000.0,4604.905,3757.0,1.0,0.259,22,298.42324209213257,p,-,0
4329,10000.0,4561.521,3757.0,1.0,0.254,14,205.8427631855011,p,-,0
4330,10000.0,4542.834,3757.0,1.0,0.264,20,193.58848476409912,p,-,0
4331,10000.0,4768.005,3757.0,1.0,0.275,15,292.3003053665161,c,-,6
4332,10000.0,4675.152,3756.0,1.0,0.286,13,174.8955261707306,c,-,51
4333,10000.0,4907.794,3756.0,1.0,0.303,13,468.59227085113525,c,-,20
4334,10000.0,4527.001,3755.0,1.0,0.257,16,214.42282581329346,c,-,35
4335,10000.0,4772.012,3755.0,1.0,0.285,21,187.70715975761414,i,-,0
4336,10000.0,4656.898,3755.0,1.0,0.26,14,209.4719581604004,p,-,0
4337,10000.0,4598.345,3755.0,1.0,0.264,21,162.1936137676239,i,-,0
4338,10000.0,4845.447,3755.0,1.0,0.273,20,168.9778277873993,p,-,0
4339,10000.0,5031.684,3755.0,1.0,0.308,21,218.82924485206604,p,-,0
4340,10000.0,4763.567,3755.0,1.0,0.282,21,178.27286672592163,i,-,0
4341,10000.0,4682.976,3755.0,1.0,0.274,17,404.1185998916626,p,-,0
4342,10000.0,4908.266,3755.0,1.0,0.308,7454,406.0415380001068,i,-,0
4343,10000.0,4924.352,3755.0,1.0,0.307,19228,189.08900904655457,p,-,0
4344,10000.0,4747.92,3755.0,1.0,0.291,21,195.73552799224854,i,-,0
4345,10000.0,4823.298,3755.0,1.0,0.302,23,278.4904363155365,p,-,0
4346,10000.0,4792.059,3755.0,1.0,0.291,13,231.3170371055603,i,-,0
4347,10000.0,4912.797,3755.0,1.0,0.302,21,213.221116065979,p,-,0
4348,10000.0,4904.95,3755.0,1.0,0.305,11,232.2692632675171,p,-,0
4349,10000.0,4684.573,3755.0,1.0,0.275,12,271.9426670074463,p,-,0
4350,10000.0,4676.561,3755.0,1.0,0.268,18,372.0804600715637,i,-,0
4351,10000.0,4738.885,3755.0,1.0,0.278,21,193.86927103996277,p,-,0
4352,10000.0,4724.526,3755.0,1.0,0.279,18,269.36086082458496,p,-,0
4353,10000.0,4826.458,3755.0,1.0,0.31,16,249.0577507019043,c,-,32
4354,10000.0,4826.258,3755.0,1.0,0.284,19308,186.2404909133911,i,-,0
4355,10000.0,4845.993,3755.0,1.0,0.298,13,225.41817712783813,p,-,0
4356,10000.0,4677.952,3755.0,1.0,0.283,18593,217.53924179077148,p,-,0
4357,10000.0,4947.287,3755.0,1.0,0.301,16,211.26944017410278,i,-,0
4358,10000.0,4793.62,3755.0,1.0,0.287,36081,228.32158637046814,i,-,0
4359,10000.0,4591.725,3755.0,1.0,0.271,23,329.9596679210663,p,-,0
4360,10000.0,4777.458,3755.0,1.0,0.273,13,222.65611219406128,p,-,0
4361,10000.0,4786.156,3755.0,1.0,0.278,16,166.74833703041077,i,-,0
4362,10000.0,5055.405,3755.0,1.0,0.304,19714,254.51480913162231,p,-,0
4363,10000.0,4918.863,3755.0,1.0,0.295,14,454.0788140296936,c,-,18
4364,10000.0,4857.106,3755.0,1.0,0.3,0,5641.247208118439,c,-,36
4365,10000.0,4925.148,3755.0,1.0,0.305,0,10981.54286980629,i,-,0
4366,10000.0,4841.328,3755.0,1.0,0.286,1,2521.8685219287872,c,-,34
4367,10000.0,4719.525,3755.0,1.0,0.277,10,281.7917580604553,p,-,0
4368,10000.0,4719.525,3755.0,1.0,0.277,23,431.4940621852875,r,-,0
4369,10000.0,4703.616,3755.0,1.0,0.27,13,289.7183201313019,c,-,8
4370,10000.0,4783.663,3755.0,1.0,0.279,14,513.6704149246216,i,-,0
4371,10000.0,4787.098,3755.0,1.0,0.29,12,233.9215030670166,p,-,0
4372,10000.0,4952.178,3755.0,1.0,0.306,21,198.7659411430359,p,-,0
4373,10000.0,4703.618,3755.0,1.0,0.279,13,406.8246488571167,p,-,0
4374,10000.0,4891.664,3755.0,1.0,0.299,13,233.34390711784363,p,-,0
4375,10000.0,4806.43,3755.0,1.0,0.286,21,183.41924214363098,p,-,0
4376,10000.0,4598.438,3755.0,1.0,0.269,19,190.49788904190063,p,-,0
4377,10000.0,4791.957,3755.0,1.0,0.288,19,215.2779929637909,c,-,62
4378,10000.0,4615.267,3755.0,1.0,0.274,16,217.76247000694275,p,-,0
4379,10000.0,4752.258,3755.0,1.0,0.27,13,223.57047605514526,c,-,38
4380,10000.0,4851.157,3755.0,1.0,0.283,21,174.6797571182251,p,-,0
4381,10000.0,4684.852,3755.0,1.0,0.277,24,173.686772108078,p,-,0
4382,10000.0,4684.852,3755.0,1.0,0.277,21,188.68311595916748,r,-,0
4383,10000.0,4402.421,3755.0,1.0,0.245,25,156.02788305282593,i,-,0
4384,10000.0,4619.184,3755.0,1.0,0.261,21,167.11817812919617,p,-,0
4385,10000.0,4572.776,3755.0,1.0,0.256,24,162.98756504058838,i,-,0
4386,10000.0,4775.549,3755.0,1.0,0.278,23,172.128751039505,p,-,0
4387,10000.0,4846.453,3755.0,1.0,0.287,23,171.03620314598083,i,-,0
4388,10000.0,5024.213,3755.0,1.0,0.325,21,180.14930510520935,c,-,39
4389,10000.0,4628.693,3755.0,1.0,0.284,25,174.55229806900024,p,-,0
4390,10000.0,4779.78,3755.0,1.0,0.295,22,184.14545607566833,p,-,0
4391,10000.0,4807.555,3755.0,1.0,0.282,23,168.21975111961365,c,-,20
4392,10000.0,4870.355,3755.0,1.0,0.297,18,206.51039814949036,p,-,0
4393,10000.0,4677.271,3755.0,1.0,0.273,23,177.12318778038025,i,-,0
4394,10000.0,4708.019,3755.0,1.0,0.27,23,173.03142786026,p,-,0
4395,10000.0,4730.754,3755.0,1.0,0.28,24,168.08243584632874,p,-,0
4396,10000.0,4822.32,3755.0,1.0,0.285,21,187.05148816108704,i,-,0
4397,10000.0,4914.23,3755.0,1.0,0.298,22,179.86262607574463,p,-,0
4398,10000.0,4844.159,3755.0,1.0,0.284,22,184.45001101493835,p,-,0
4399,10000.0,4614.867,3755.0,1.0,0.273,24,169.18331909179688,p,-,0
4400,10000.0,5055.414,3755.0,1.0,0.306,22,177.5602512359619,p,-,0
4401,10000.0,4801.506,3755.0,1.0,0.28,24,166.5695722103119,p,-,0
4402,10000.0,4994.795,3755.0,1.0,0.311,21,192.7937331199646,p,-,0
4403,10000.0,4698.805,3752.0,1.0,0.287,23,165.0644690990448,c,-,82
4404,10000.0,4944.97,3752.0,1.0,0.306,21,174.39066004753113,i,-,0
4405,10000.0,4771.526,3752.0,1.0,0.285,19,171.44015097618103,p,-,0
4406,10000.0,4614.136,3752.0,1.0,0.258,21,167.770987033844,i,-,0
4407,10000.0,4569.562,3752.0,1.0,0.255,24,171.83282804489136,i,-,0
4408,10000.0,4654.019,3752.0,1.0,0.258,18,213.50580310821533,p,-,0
4409,10000.0,4704.163,3752.0,1.0,0.271,19,202.5160210132599,p,-,0
4410,10000.0,4603.815,3752.0,1.0,0.276,20,199.6525239944458,i,-,0
4411,10000.0,4713.669,3752.0,1.0,0.274,19,205.99481391906738,p,-,0
4412,10000.0,4553.556,3752.0,1.0,0.258,19,204.88777804374695,p,-,0
4413,10000.0,4571.514,3752.0,1.0,0.247,19,209.54072403907776,c,-,16
4414,10000.0,4617.629,3752.0,1.0,0.261,20,205.24598908424377,i,-,0
4415,10000.0,4424.8,3752.0,1.0,0.246,20,198.49290323257446,c,-,16
4416,10000.0,4403.55,3750.0,1.0,0.234,20,197.14424800872803,c,-,42
4417,10000.0,4251.759,3750.0,1.0,0.219,20,194.50380897521973,i,-,0
4418,10000.0,4460.089,3750.0,1.0,0.233,16,217.52123522758484,p,-,0
4419,10000.0,4740.783,3750.0,1.0,0.268,19,211.0472719669342,c,-,29
4420,10000.0,4745.364,3750.0,1.0,0.274,18,217.25207090377808,p,-,0
4421,10000.0,4590.736,3750.0,1.0,0.272,19,206.76583981513977,p,-,0
4422,10000.0,4633.495,3750.0,1.0,0.273,19,211.42969799041748,p,-,0
4423,10000.0,4472.285,3750.0,1.0,0.251,19,204.3431520462036,i,-,0
4424,10000.0,4482.936,3750.0,1.0,0.25,19,208.41996097564697,c,-,45
4425,10000.0,4454.886,3750.0,1.0,0.239,19,208.94408702850342,c,-,33
4426,10000.0,4708.944,3750.0,1.0,0.27,18,215.1288161277771,p,-,0
4427,10000.0,4573.884,3750.0,1.0,0.263,18,212.1241979598999,c,-,45
4428,10000.0,4584.578,3750.0,1.0,0.266,20,199.0911009311676,i,-,0
4429,10000.0,4516.728,3750.0,1.0,0.254,20,195.6420042514801,i,-,0
4430,10000.0,4513.991,3750.0,1.0,0.251,20,203.25788497924805,p,-,0
4431,10000.0,4683.089,3750.0,1.0,0.271,19,210.69156694412231,i,-,0
4432,10000.0,4629.873,3750.0,1.0,0.264,19,212.29767203330994,c,-,27
4433,10000.0,4432.652,3750.0,1.0,0.242,20,199.12519598007202,i,-,0
4434,10000.0,4617.575,3750.0,1.0,0.267,18,216.95047235488892,i,-,0
4435,10000.0,4351.547,3750.0,1.0,0.233,21,168.05509781837463,i,-,0
4436,10000.0,4481.205,3750.0,1.0,0.248,20,177.4360010623932,p,-,0
4437,10000.0,4407.999,3750.0,1.0,0.237,22,177.29656100273132,p,-,0
4438,10000.0,4278.766,3750.0,1.0,0.226,21,185.315083026886,i,-,0
4439,10000.0,4351.224,3750.0,1.0,0.241,22,175.25576186180115,c,-,30
4440,10000.0,4305.989,3750.0,1.0,0.23,26,159.99397206306458,c,-,31
4441,10000.0,4433.464,3750.0,1.0,0.244,22,167.91262197494507,i,-,0
4442,10000.0,4549.774,3750.0,1.0,0.259,23,165.62904024124146,p,-,0
4443,10000.0,4510.303,3745.0,1.0,0.26,23,168.8176999092102,m,0.02,22
4444,10000.0,4361.46,3745.0,1.0,0.228,23,168.85451865196228,i,-,0
4445,10000.0,4544.812,3745.0,1.0,0.249,24,168.43769431114197,p,-,0
4446,10000.0,4353.742,3745.0,1.0,0.239,24,160.13086485862732,p,-,0
4447,10000.0,4292.127,3745.0,1.0,0.229,22,168.94491481781006,i,-,0
4448,10000.0,4385.09,3745.0,1.0,0.238,24,168.25602102279663,i,-,0
4449,10000.0,4423.936,3745.0,1.0,0.241,24,166.0536150932312,p,-,0
4450,10000.0,4432.835,3745.0,1.0,0.252,24,168.00261282920837,i,-,0
4451,10000.0,4241.515,3745.0,1.0,0.223,25,160.88213801383972,p,-,0
4452,10000.0,4335.155,3745.0,1.0,0.235,23,158.17178106307983,i,-,0
4453,10000.0,4438.971,3745.0,1.0,0.244,24,163.44410681724548,p,-,0
4454,10000.0,4469.481,3745.0,1.0,0.248,21,173.31956481933594,i,-,0
4455,10000.0,4137.168,3745.0,1.0,0.203,24,162.37816405296326,p,-,0
4456,10000.0,4191.119,3745.0,1.0,0.209,26,149.7915539741516,p,-,0
4457,10000.0,4308.303,3745.0,1.0,0.229,22,158.61705803871155,i,-,0
4458,10000.0,4289.392,3745.0,1.0,0.236,22,184.37256598472595,p,-,0
4459,10000.0,4534.612,3745.0,1.0,0.26,23,174.2613959312439,i,-,0
4460,10000.0,4296.199,3745.0,1.0,0.239,23,171.7919900417328,i,-,0
4461,10000.0,4449.038,3745.0,1.0,0.248,24,168.55071806907654,p,-,0
4462,10000.0,4347.866,3745.0,1.0,0.227,24,168.37704825401306,i,-,0
4463,10000.0,4398.483,3745.0,1.0,0.232,22,168.40656900405884,i,-,0
4464,10000.0,4411.355,3745.0,1.0,0.235,21,171.37894129753113,i,-,0
4465,10000.0,4315.845,3745.0,1.0,0.237,23,174.964763879776,i,-,0
4466,10000.0,4464.101,3745.0,1.0,0.243,18,168.0499711036682,i,-,0
4467,10000.0,4485.307,3745.0,1.0,0.249,24,166.53675603866577,i,-,0
4468,10000.0,4372.942,3745.0,1.0,0.234,22,168.90825819969177,p,-,0
4469,10000.0,4711.634,3745.0,1.0,0.267,22,171.26453924179077,i,-,0
4470,10000.0,4341.012,3745.0,1.0,0.242,25,159.63231992721558,c,-,12
4471,10000.0,4408.608,3745.0,1.0,0.246,25,158.2672700881958,c,-,10
4472,10000.0,4313.729,3745.0,1.0,0.228,24,155.6189820766449,p,-,0
4473,10000.0,4235.119,3745.0,1.0,0.232,25,158.54274797439575,c,-,42
4474,10000.0,4256.344,3745.0,1.0,0.229,22,162.96517300605774,i,-,0
4475,10000.0,4345.304,3745.0,1.0,0.237,19,166.44253993034363,c,-,22
4476,10000.0,4366.046,3745.0,1.0,0.231,25,157.82206797599792,p,-,0
4477,10000.0,4383.396,3745.0,1.0,0.235,25,162.02226901054382,p,-,0
4478,10000.0,4398.437,3745.0,1.0,0.239,25,159.3701229095459,p,-,0
4479,10000.0,4432.286,3745.0,1.0,0.254,22,170.6111979484558,p,-,0
4480,10000.0,4278.344,3745.0,1.0,0.232,25,156.1915636062622,p,-,0
4481,10000.0,4434.961,3745.0,1.0,0.231,20,177.07769203186035,p,-,0
4482,10000.0,4313.974,3745.0,1.0,0.226,26,157.5005362033844,p,-,0
4483,10000.0,4313.974,3745.0,1.0,0.226,17,174.97287607192993,r,-,0
4484,10000.0,3870.241,3745.0,1.0,0.182,15,334.98631024360657,i,-,0
4485,10000.0,4390.483,3745.0,1.0,0.228,12,195.08203315734863,p,-,0
4486,10000.0,4423.23,3745.0,1.0,0.237,18,328.51478815078735,c,-,34
4487,10000.0,4423.23,3745.0,1.0,0.237,22,176.65955924987793,r,-,0
4488,10000.0,4069.57,3745.0,1.0,0.193,26,154.18199229240417,i,-,0
4489,10000.0,4329.989,3745.0,1.0,0.221,21,187.5783817768097,i,-,0
4490,10000.0,4130.755,3745.0,1.0,0.207,26,148.4201500415802,i,-,0
4491,10000.0,4342.596,3745.0,1.0,0.23,24,150.43326902389526,p,-,0
4492,10000.0,4337.253,3745.0,1.0,0.218,28,153.1308469772339,p,-,0
4493,10000.0,4469.295,3745.0,1.0,0.243,25,156.65139818191528,p,-,0
4494,10000.0,4297.279,3745.0,1.0,0.228,24,160.09249901771545,c,-,86
4495,10000.0,4375.798,3745.0,1.0,0.24,26,148.07204699516296,p,-,0
4496,10000.0,4371.938,3745.0,1.0,0.239,26,151.963463306427,p,-,0
4497,10000.0,4330.679,3745.0,1.0,0.235,26,156.67665481567383,p,-,0
4498,10000.0,4370.587,3745.0,1.0,0.244,25,156.74480319023132,p,-,0
4499,10000.0,4580.739,3745.0,1.0,0.254,25,153.93084812164307,i,-,0
4500,10000.0,4434.38,3745.0,1.0,0.238,25,156.42870926856995,i,-,0
4501,10000.0,4237.716,3745.0,1.0,0.214,24,154.15922617912292,p,-,0
4502,10000.0,4316.219,3745.0,1.0,0.22,26,151.75143194198608,p,-,0
4503,10000.0,4236.544,3745.0,1.0,0.222,24,153.5872778892517,p,-,0
4504,10000.0,4530.303,3745.0,1.0,0.255,26,161.0750708580017,p,-,0
4505,10000.0,4427.6,3745.0,1.0,0.245,27,156.36457109451294,p,-,0
4506,10000.0,4302.522,3745.0,1.0,0.231,26,154.24979996681213,p,-,0
4507,10000.0,4401.302,3745.0,1.0,0.239,24,175.0520429611206,p,-,0
4508,10000.0,4384.505,3745.0,1.0,0.23,24,157.49976992607117,p,-,0
4509,10000.0,4361.215,3745.0,1.0,0.244,24,183.72198009490967,p,-,0
4510,10000.0,4325.037,3745.0,1.0,0.234,25,160.1026749610901,p,-,0
4511,10000.0,4260.165,3745.0,1.0,0.209,26,153.986998796463,p,-,0
4512,10000.0,4346.405,3745.0,1.0,0.236,26,152.78447914123535,i,-,0
4513,10000.0,4326.327,3745.0,1.0,0.221,24,155.9274230003357,p,-,0
4514,10000.0,4357.578,3745.0,1.0,0.238,25,162.7016258239746,i,-,0
4515,10000.0,4257.384,3745.0,1.0,0.23,20,193.0045998096466,p,-,0
4516,10000.0,4205.596,3745.0,1.0,0.221,24,166.27024579048157,i,-,0
4517,10000.0,4408.334,3745.0,1.0,0.231,25,162.72210788726807,i,-,0
4518,10000.0,4508.575,3745.0,1.0,0.24,23,162.03978896141052,p,-,0
4519,10000.0,4633.131,3745.0,1.0,0.257,23,172.87305307388306,c,-,37
4520,10000.0,4543.311,3745.0,1.0,0.242,22,163.24026107788086,p,-,0
4521,10000.0,4462.735,3745.0,1.0,0.243,25,157.94296216964722,p,-,0
4522,10000.0,4331.225,3745.0,1.0,0.235,26,158.7565619945526,p,-,0
4523,10000.0,4342.91,3745.0,1.0,0.239,22,179.42845106124878,i,-,0
4524,10000.0,4280.537,3745.0,1.0,0.227,23,159.9655909538269,p,-,0
4525,10000.0,4343.129,3745.0,1.0,0.23,25,156.86820316314697,p,-,0
4526,10000.0,4412.404,3745.0,1.0,0.229,22,162.90249872207642,i,-,0
4527,10000.0,4380.361,3745.0,1.0,0.23,22,162.63523411750793,p,-,0
4528,10000.0,4395.721,3745.0,1.0,0.229,22,166.52928805351257,p,-,0
4529,10000.0,4372.666,3745.0,1.0,0.238,25,163.33545398712158,p,-,0
4530,10000.0,4452.388,3745.0,1.0,0.228,25,160.96402096748352,p,-,0
4531,10000.0,4289.416,3745.0,1.0,0.226,24,150.1384036540985,c,-,48
4532,10000.0,4492.563,3745.0,1.0,0.246,22,159.67235803604126,c,-,49
4533,10000.0,4271.033,3745.0,1.0,0.227,24,163.3534562587738,i,-,0
4534,10000.0,4409.133,3745.0,1.0,0.231,24,168.87941813468933,i,-,0
4535,10000.0,4446.912,3745.0,1.0,0.241,25,160.70477962493896,p,-,0
4536,10000.0,4409.315,3745.0,1.0,0.235,23,159.2946412563324,i,-,0
4537,10000.0,4343.394,3745.0,1.0,0.237,23,159.45773792266846,p,-,0
4538,10000.0,4322.374,3745.0,1.0,0.233,22,158.01697707176208,c,-,81
4539,10000.0,4486.001,3745.0,1.0,0.244,23,160.7356309890747,p,-,0
4540,10000.0,4367.43,3745.0,1.0,0.233,24,162.68214201927185,p,-,0
4541,10000.0,4329.687,3745.0,1.0,0.218,23,162.82551789283752,c,-,54
4542,10000.0,4268.935,3745.0,1.0,0.224,26,183.64729595184326,p,-,0
4543,10000.0,4132.928,3745.0,1.0,0.209,24,154.19640016555786,p,-,0
4544,10000.0,4226.557,3745.0,1.0,0.231,22,162.94962096214294,i,-,0
4545,10000.0,4429.179,3745.0,1.0,0.224,24,163.13415718078613,p,-,0
4546,10000.0,4187.098,3745.0,1.0,0.215,25,157.2553358078003,c,-,63
4547,10000.0,4292.572,3745.0,1.0,0.223,25,155.41313529014587,i,-,0
4548,10000.0,4298.258,3745.0,1.0,0.233,24,158.77614402770996,p,-,0
4549,10000.0,4147.087,3745.0,1.0,0.223,25,154.18186712265015,p,-,0
4550,10000.0,4200.78,3745.0,1.0,0.216,26,150.88332319259644,p,-,0
4551,10000.0,4412.096,3745.0,1.0,0.228,24,157.17789220809937,p,-,0
4552,10000.0,4285.162,3745.0,1.0,0.231,26,157.6570761203766,p,-,0
4553,10000.0,4411.16,3745.0,1.0,0.242,26,168.1310751438141,c,-,58
4554,10000.0,4373.397,3745.0,1.0,0.231,25,159.80839490890503,p,-,0
4555,10000.0,4264.358,3745.0,1.0,0.221,23,166.10639595985413,c,-,45
4556,10000.0,4391.354,3745.0,1.0,0.233,24,160.0414321422577,p,-,0
4557,10000.0,4366.963,3745.0,1.0,0.238,24,151.0852129459381,p,-,0
4558,10000.0,4552.762,3745.0,1.0,0.255,23,163.73535895347595,i,-,0
4559,10000.0,4444.342,3745.0,1.0,0.242,26,154.06678199768066,p,-,0
4560,10000.0,4266.291,3745.0,1.0,0.225,25,154.68546509742737,p,-,0
4561,10000.0,4183.895,3745.0,1.0,0.215,26,152.73257899284363,i,-,0
4562,10000.0,4218.689,3745.0,1.0,0.209,26,151.00061702728271,c,-,72
4563,10000.0,4388.698,3745.0,1.0,0.235,24,159.53300309181213,p,-,0
4564,10000.0,4292.447,3745.0,1.0,0.219,26,157.67070317268372,c,-,57
4565,10000.0,4164.408,3745.0,1.0,0.208,26,150.17898297309875,p,-,0
4566,10000.0,4399.229,3745.0,1.0,0.23,26,157.0815348625183,i,-,0
4567,10000.0,4286.563,3745.0,1.0,0.234,26,160.64148998260498,p,-,0
4568,10000.0,4128.547,3745.0,1.0,0.206,23,157.15084886550903,c,-,38
4569,10000.0,4415.319,3745.0,1.0,0.228,25,158.43537998199463,c,-,19
4570,10000.0,4237.404,3745.0,1.0,0.232,23,150.30500292778015,i,-,0
4571,10000.0,4262.346,3745.0,1.0,0.222,26,157.25869989395142,p,-,0
4572,10000.0,4378.765,3745.0,1.0,0.232,24,163.8564600944519,i,-,0
4573,10000.0,4448.274,3745.0,1.0,0.243,25,160.04113101959229,i,-,0
4574,10000.0,4262.0,3745.0,1.0,0.217,26,156.71273589134216,c,-,32
4575,10000.0,4316.049,3745.0,1.0,0.22,25,157.0443205833435,i,-,0
4576,10000.0,4167.763,3745.0,1.0,0.217,25,153.90489101409912,c,-,50
4577,10000.0,4376.749,3745.0,1.0,0.239,26,153.846293926239,i,-,0
4578,10000.0,4188.415,3745.0,1.0,0.21,22,163.28060483932495,c,-,41
4579,10000.0,4511.662,3745.0,1.0,0.249,21,160.52684497833252,i,-,0
4580,10000.0,4307.112,3745.0,1.0,0.237,24,157.0439796447754,c,-,82
4581,10000.0,4205.132,3745.0,1.0,0.216,23,157.2115089893341,c,-,32
4582,10000.0,4179.886,3745.0,1.0,0.21,23,158.90762782096863,i,-,0
4583,10000.0,4320.474,3745.0,1.0,0.227,25,153.88242101669312,p,-,0
4584,10000.0,4420.553,3745.0,1.0,0.227,23,167.91725707054138,i,-,0
4585,10000.0,4381.584,3745.0,1.0,0.234,21,185.99513387680054,c,-,32
4586,10000.0,4481.12,3745.0,1.0,0.249,25,157.49671483039856,p,-,0
4587,10000.0,4445.623,3745.0,1.0,0.25,25,159.18123602867126,i,-,0
4588,10000.0,4378.274,3745.0,1.0,0.24,24,159.63326287269592,p,-,0
4589,10000.0,4243.536,3745.0,1.0,0.223,25,160.6315188407898,p,-,0
4590,10000.0,4310.418,3745.0,1.0,0.222,22,156.5837709903717,i,-,0
4591,10000.0,4309.329,3745.0,1.0,0.24,25,166.4241509437561,p,-,0
4592,10000.0,4152.742,3745.0,1.0,0.216,24,150.67415308952332,p,-,0
4593,10000.0,4183.51,3745.0,1.0,0.222,25,157.03693795204163,c,-,22
4594,10000.0,4423.201,3745.0,1.0,0.236,25,163.33709001541138,i,-,0
4595,10000.0,4349.386,3745.0,1.0,0.233,24,163.11035013198853,i,-,0
4596,10000.0,4218.745,3745.0,1.0,0.233,23,158.54780912399292,i,-,0
4597,10000.0,4494.834,3745.0,1.0,0.251,25,157.56410312652588,p,-,0
4598,10000.0,4183.731,3745.0,1.0,0.221,25,156.1831419467926,i,-,0
4599,10000.0,4145.922,3745.0,1.0,0.201,27,172.15478014945984,p,-,0
4600,10000.0,4302.101,3745.0,1.0,0.226,23,172.05808687210083,p,-,0
4601,10000.0,4366.689,3745.0,1.0,0.234,23,163.39578080177307,c,-,15
4602,10000.0,4427.585,3745.0,1.0,0.239,25,162.687570810318,i,-,0
4603,10000.0,4351.638,3745.0,1.0,0.232,24,169.47188711166382,p,-,0
4604,10000.0,4266.897,3745.0,1.0,0.211,23,162.8181607723236,p,-,0
4605,10000.0,4413.348,3745.0,1.0,0.237,25,168.3932590484619,p,-,0
4606,10000.0,4335.817,3745.0,1.0,0.228,25,159.8553831577301,p,-,0
4607,10000.0,4403.082,3745.0,1.0,0.243,24,166.07754802703857,i,-,0
4608,10000.0,4380.924,3745.0,1.0,0.231,25,157.04319286346436,c,-,48
4609,10000.0,4354.156,3745.0,1.0,0.241,24,162.61157083511353,p,-,0
4610,10000.0,4230.393,3745.0,1.0,0.234,25,160.0899257659912,c,-,42
4611,10000.0,4386.309,3745.0,1.0,0.232,24,163.38775897026062,p,-,0
4612,10000.0,4147.237,3745.0,1.0,0.218,23,159.00556540489197,p,-,0
4613,10000.0,4350.834,3745.0,1.0,0.233,25,157.56756401062012,i,-,0
4614,10000.0,4461.939,3745.0,1.0,0.247,23,165.75333881378174,p,-,0
4615,10000.0,4264.474,3745.0,1.0,0.217,24,150.6964831352234,p,-,0
4616,10000.0,4172.769,3745.0,1.0,0.218,26,154.19966006278992,p,-,0
4617,10000.0,4278.586,3745.0,1.0,0.231,27,154.48428010940552,p,-,0
4618,10000.0,4485.106,3745.0,1.0,0.247,25,157.58873105049133,p,-,0
4619,10000.0,4210.556,3745.0,1.0,0.214,24,155.7186689376831,p,-,0
4620,10000.0,4390.416,3745.0,1.0,0.24,22,156.86828899383545,p,-,0
4621,10000.0,4423.861,3745.0,1.0,0.253,24,157.64917516708374,p,-,0
4622,10000.0,4546.289,3745.0,1.0,0.255,23,162.73866534233093,p,-,0
4623,10000.0,4370.658,3745.0,1.0,0.233,24,162.96259927749634,p,-,0
4624,10000.0,4290.278,3745.0,1.0,0.235,25,157.01410508155823,i,-,0
4625,10000.0,4433.843,3745.0,1.0,0.236,23,157.05114006996155,p,-,0
4626,10000.0,4469.183,3745.0,1.0,0.246,23,161.84559512138367,p,-,0
4627,10000.0,4205.857,3745.0,1.0,0.213,23,153.9612648487091,i,-,0
4628,10000.0,4212.889,3745.0,1.0,0.209,25,159.9108829498291,c,-,38
4629,10000.0,4465.205,3745.0,1.0,0.241,25,160.4342257976532,c,-,46
4630,10000.0,4336.501,3745.0,1.0,0.22,24,159.94999289512634,i,-,0
4631,10000.0,4328.019,3745.0,1.0,0.225,24,157.09801387786865,c,-,43
4632,10000.0,4210.347,3745.0,1.0,0.214,23,155.68654894828796,p,-,0
4633,10000.0,4293.338,3745.0,1.0,0.23,25,157.53416109085083,p,-,0
4634,10000.0,4277.105,3745.0,1.0,0.224,25,161.7380120754242,p,-,0
4635,10000.0,4131.452,3745.0,1.0,0.221,24,160.46166110038757,c,-,38
4636,10000.0,4256.354,3745.0,1.0,0.227,24,158.5180881023407,i,-,0
4637,10000.0,4253.04,3745.0,1.0,0.223,23,156.58958411216736,p,-,0
4638,10000.0,4160.82,3745.0,1.0,0.21,23,168.8961741924286,p,-,0
4639,10000.0,4228.536,3745.0,1.0,0.23,22,160.37462711334229,p,-,0
4640,10000.0,4218.584,3745.0,1.0,0.221,26,154.0359890460968,p,-,0
4641,10000.0,4284.915,3745.0,1.0,0.219,24,159.60868000984192,p,-,0
4642,10000.0,4297.986,3745.0,1.0,0.231,24,166.14445996284485,c,-,33
4643,10000.0,4409.065,3745.0,1.0,0.234,22,165.01288199424744,i,-,0
4644,10000.0,4257.292,3745.0,1.0,0.22,13,230.5976927280426,p,-,0
4645,10000.0,4367.657,3745.0,1.0,0.226,15,215.79048800468445,p,-,0
4646,10000.0,4166.888,3745.0,1.0,0.213,24,166.71873307228088,c,-,28
4647,10000.0,4489.255,3745.0,1.0,0.24,20,199.33879899978638,c,-,34
4648,10000.0,4281.546,3745.0,1.0,0.237,21,186.11473178863525,p,-,0
4649,10000.0,4158.57,3745.0,1.0,0.22,22,179.13721704483032,i,-,0
4650,10000.0,4392.994,3745.0,1.0,0.238,21,186.51229619979858,p,-,0
4651,10000.0,4507.192,3745.0,1.0,0.256,20,196.39386415481567,p,-,0
4652,10000.0,4160.253,3745.0,1.0,0.211,22,180.86754298210144,i,-,0
4653,10000.0,4289.222,3745.0,1.0,0.221,22,185.11306595802307,p,-,0
4654,10000.0,4314.186,3745.0,1.0,0.23,22,184.71872091293335,p,-,0
4655,10000.0,4394.505,3745.0,1.0,0.242,21,184.70650696754456,p,-,0
4656,10000.0,4348.58,3745.0,1.0,0.239,23,167.91206192970276,p,-,0
4657,10000.0,4477.245,3745.0,1.0,0.249,25,158.01331114768982,p,-,0
4658,10000.0,4229.646,3745.0,1.0,0.223,24,159.50512504577637,p,-,0
4659,10000.0,4269.072,3745.0,1.0,0.227,24,170.86595916748047,p,-,0
4660,10000.0,4295.62,3745.0,1.0,0.233,25,157.4877519607544,c,-,19
4661,10000.0,4300.197,3745.0,1.0,0.226,25,166.97898817062378,p,-,0
4662,10000.0,4395.621,3745.0,1.0,0.23,25,161.19413304328918,p,-,0
4663,10000.0,4348.881,3745.0,1.0,0.242,26,159.8935911655426,p,-,0
4664,10000.0,4492.668,3745.0,1.0,0.245,25,161.64601802825928,p,-,0
4665,10000.0,4400.287,3745.0,1.0,0.223,20,182.4748558998108,p,-,0
4666,10000.0,4369.927,3745.0,1.0,0.226,26,152.28992986679077,c,-,59
4667,10000.0,4279.643,3745.0,1.0,0.213,24,161.8971118927002,p,-,0
4668,10000.0,4301.847,3745.0,1.0,0.234,24,163.0389277935028,c,-,46
4669,10000.0,4304.904,3745.0,1.0,0.223,25,166.04851508140564,c,-,30
4670,10000.0,4249.234,3745.0,1.0,0.222,24,151.1723301410675,p,-,0
4671,10000.0,4227.728,3745.0,1.0,0.217,25,151.41154623031616,i,-,0
4672,10000.0,4273.221,3745.0,1.0,0.228,25,150.7128050327301,p,-,0
4673,10000.0,4239.846,3745.0,1.0,0.217,27,151.78221607208252,i,-,0
4674,10000.0,4403.508,3745.0,1.0,0.236,25,157.84025597572327,p,-,0
4675,10000.0,4474.22,3745.0,1.0,0.232,25,158.78444123268127,i,-,0
4676,10000.0,4331.102,3745.0,1.0,0.212,26,151.04621410369873,i,-,0
4677,10000.0,4399.494,3745.0,1.0,0.235,23,156.84270000457764,p,-,0
4678,10000.0,4339.629,3745.0,1.0,0.236,25,168.79650497436523,p,-,0
4679,10000.0,4229.289,3745.0,1.0,0.218,26,152.4190948009491,i,-,0
4680,10000.0,4212.44,3745.0,1.0,0.222,23,153.0424449443817,c,-,41
4681,10000.0,4185.754,3745.0,1.0,0.221,24,151.36858582496643,c,-,31
4682,10000.0,4440.492,3745.0,1.0,0.234,25,159.08491492271423,c,-,32
4683,10000.0,4223.145,3745.0,1.0,0.22,24,153.25405097007751,p,-,0
4684,10000.0,4294.398,3745.0,1.0,0.236,24,154.3368628025055,i,-,0
4685,10000.0,4335.655,3745.0,1.0,0.225,21,153.69205975532532,i,-,0
4686,10000.0,4398.705,3745.0,1.0,0.244,23,160.1949851512909,i,-,0
4687,10000.0,4415.083,3745.0,1.0,0.236,24,160.15398716926575,p,-,0
4688,10000.0,4331.114,3745.0,1.0,0.231,27,148.3008930683136,i,-,0
4689,10000.0,4392.526,3745.0,1.0,0.236,24,159.8087739944458,p,-,0
4690,10000.0,4253.907,3745.0,1.0,0.225,26,152.87505102157593,c,-,2
4691,10000.0,4247.107,3745.0,1.0,0.22,26,154.38179087638855,p,-,0
4692,10000.0,4057.662,3745.0,1.0,0.211,19,208.45473527908325,p,-,0
4693,10000.0,4187.807,3745.0,1.0,0.216,18,213.3177571296692,p,-,0
4694,10000.0,4157.63,3745.0,1.0,0.21,19,208.44523692131042,p,-,0
4695,10000.0,4226.137,3745.0,1.0,0.202,22,190.96785187721252,i,-,0
4696,10000.0,4250.501,3745.0,1.0,0.224,21,189.77817225456238,c,-,72
4697,10000.0,4277.967,3745.0,1.0,0.223,21,190.01130604743958,c,-,48
4698,10000.0,4323.587,3745.0,1.0,0.233,21,188.689838886261,p,-,0
4699,10000.0,4336.822,3745.0,1.0,0.223,21,190.54550909996033,p,-,0
4700,10000.0,4328.746,3745.0,1.0,0.238,21,188.06035685539246,p,-,0
4701,10000.0,4232.406,3745.0,1.0,0.215,21,186.83264684677124,p,-,0
4702,10000.0,4393.525,3745.0,1.0,0.242,21,186.57341814041138,i,-,0
4703,10000.0,4222.374,3745.0,1.0,0.224,22,183.75590920448303,i,-,0
4704,10000.0,4215.346,3745.0,1.0,0.218,21,185.3818118572235,c,-,21
4705,10000.0,4328.09,3745.0,1.0,0.229,20,196.2573230266571,c,-,56
4706,10000.0,4363.551,3745.0,1.0,0.238,21,194.1209568977356,p,-,0
4707,10000.0,4240.676,3745.0,1.0,0.224,21,193.74600386619568,c,-,41
4708,10000.0,4178.503,3745.0,1.0,0.228,20,192.4586169719696,p,-,0
4709,10000.0,4334.245,3745.0,1.0,0.241,20,198.2089409828186,p,-,0
4710,10000.0,4337.125,3745.0,1.0,0.229,21,193.75813627243042,p,-,0
4711,10000.0,4260.715,3745.0,1.0,0.232,21,189.87596702575684,i,-,0
4712,10000.0,4590.425,3745.0,1.0,0.256,19,207.2450029850006,c,-,22
4713,10000.0,4461.548,3745.0,1.0,0.238,20,202.5123519897461,i,-,0
4714,10000.0,4391.201,3745.0,1.0,0.244,20,190.25419974327087,c,-,44
4715,10000.0,4299.505,3745.0,1.0,0.217,21,187.30515313148499,c,-,22
4716,10000.0,4343.835,3745.0,1.0,0.228,21,185.39489197731018,p,-,0
4717,10000.0,4396.852,3745.0,1.0,0.229,21,191.76507902145386,i,-,0
4718,10000.0,4548.135,3745.0,1.0,0.241,21,194.91369009017944,p,-,0
4719,10000.0,4361.175,3745.0,1.0,0.239,21,187.86543107032776,i,-,0
4720,10000.0,4431.974,3745.0,1.0,0.249,19,211.5010130405426,i,-,0
4721,10000.0,4406.903,3745.0,1.0,0.245,21,193.5191969871521,p,-,0
4722,10000.0,4182.703,3745.0,1.0,0.222,24,169.69551730155945,p,-,0
4723,10000.0,4314.513,3745.0,1.0,0.231,23,171.94001412391663,i,-,0
4724,10000.0,4379.318,3745.0,1.0,0.242,25,163.74871921539307,c,-,46
4725,10000.0,4389.689,3745.0,1.0,0.235,23,171.0566372871399,i,-,0
4726,10000.0,4130.391,3745.0,1.0,0.211,26,170.97070121765137,p,-,0
4727,10000.0,4156.321,3745.0,1.0,0.208,24,165.9270498752594,p,-,0
4728,10000.0,4324.599,3745.0,1.0,0.233,23,159.55449986457825,i,-,0
4729,10000.0,4337.859,3745.0,1.0,0.233,21,168.96742391586304,p,-,0
4730,10000.0,4155.117,3745.0,1.0,0.211,20,159.78714179992676,c,-,48
4731,10000.0,4214.825,3745.0,1.0,0.22,24,163.2215757369995,p,-,0
4732,10000.0,4143.836,3745.0,1.0,0.218,20,197.6874339580536,p,-,0
4733,10000.0,4376.038,3745.0,1.0,0.236,12,307.2415280342102,p,-,0
4734,10000.0,4094.889,3745.0,1.0,0.204,14,272.08771085739136,p,-,0
4735,10000.0,4094.889,3745.0,1.0,0.204,23,175.66088390350342,r,-,0
4736,10000.0,3959.097,3745.0,1.0,0.189,23,173.19523882865906,i,-,0
4737,10000.0,4334.383,3745.0,1.0,0.221,22,186.6588170528412,p,-,0
4738,10000.0,4328.874,3745.0,1.0,0.22,21,188.76884293556213,p,-,0
4739,10000.0,4257.061,3745.0,1.0,0.218,22,181.7063331604004,p,-,0
4740,10000.0,4498.317,3745.0,1.0,0.241,21,184.53764820098877,c,-,198
4741,10000.0,4434.974,3745.0,1.0,0.24,22,185.03449773788452,c,-,54
4742,10000.0,4448.129,3745.0,1.0,0.238,21,189.93492794036865,p,-,0
4743,10000.0,4420.91,3745.0,1.0,0.24,21,182.44206476211548,p,-,0
4744,10000.0,4260.136,3745.0,1.0,0.225,22,183.46745109558105,p,-,0
4745,10000.0,4219.405,3745.0,1.0,0.211,22,178.17362189292908,p,-,0
4746,10000.0,4454.504,3745.0,1.0,0.247,22,184.38899302482605,p,-,0
4747,10000.0,4236.271,3745.0,1.0,0.228,20,183.83228969573975,p,-,0
4748,10000.0,4596.951,3745.0,1.0,0.257,13,231.901202917099,i,-,0
4749,10000.0,4395.488,3745.0,1.0,0.244,14,197.67727613449097,p,-,0
4750,10000.0,4375.33,3745.0,1.0,0.235,13,171.36421608924866,c,-,69
4751,10000.0,4355.01,3745.0,1.0,0.237,19619,204.47773599624634,p,-,0
4752,10000.0,4302.384,3745.0,1.0,0.224,25,206.5261640548706,c,-,12
4753,10000.0,4241.86,3745.0,1.0,0.219,22,255.0494740009308,i,-,0
4754,10000.0,4241.86,3745.0,1.0,0.219,22,179.93394994735718,r,-,0
4755,10000.0,3709.91,3745.0,1.0,0.172,24,162.37300205230713,c,-,63
4756,10000.0,3982.791,3745.0,1.0,0.213,24,170.49862098693848,i,-,0
4757,10000.0,4081.617,3745.0,1.0,0.23,23,176.03305220603943,c,-,34
4758,10000.0,3901.47,3745.0,1.0,0.208,23,168.81566214561462,p,-,0
4759,10000.0,3987.532,3745.0,1.0,0.217,24,166.96071410179138,i,-,0
4760,10000.0,3919.978,3745.0,1.0,0.216,23,167.49964714050293,i,-,0
4761,10000.0,3930.277,3745.0,1.0,0.228,25,160.26349902153015,p,-,0
4762,10000.0,3906.2,3745.0,1.0,0.216,24,164.70546507835388,p,-,0
4763,10000.0,3989.578,3745.0,1.0,0.223,23,167.41593074798584,p,-,0
4764,10000.0,3734.504,3745.0,1.0,0.19,26,155.24098992347717,c,-,38
4765,10000.0,3941.695,3745.0,1.0,0.214,24,163.73946809768677,c,-,41
4766,10000.0,3769.506,3745.0,1.0,0.2,25,159.9033317565918,i,-,0
4767,10000.0,3801.468,3745.0,1.0,0.193,25,160.65617609024048,i,-,0
4768,10000.0,3931.121,3745.0,1.0,0.218,24,163.34423685073853,c,-,22
4769,10000.0,3842.731,3745.0,1.0,0.192,25,159.25365710258484,c,-,57
4770,10000.0,3871.004,3745.0,1.0,0.199,24,162.64088773727417,p,-,0
4771,10000.0,3953.622,3745.0,1.0,0.214,24,167.93840074539185,c,-,29
4772,10000.0,4099.916,3745.0,1.0,0.227,24,168.14321208000183,p,-,0
4773,10000.0,3917.113,3745.0,1.0,0.206,24,163.400141954422,c,-,54
4774,10000.0,3888.644,3745.0,1.0,0.2,23,167.85072088241577,p,-,0
4775,10000.0,3947.483,3745.0,1.0,0.206,24,162.18113613128662,i,-,0
4776,10000.0,3768.587,3745.0,1.0,0.203,25,155.6529290676117,c,-,43
4777,10000.0,3989.297,3745.0,1.0,0.219,25,163.92581295967102,c,-,25
4778,10000.0,3954.379,3745.0,1.0,0.22,24,161.9847948551178,c,-,43
4779,10000.0,3775.286,3745.0,1.0,0.2,26,153.4261028766632,c,-,68
4780,10000.0,3976.117,3745.0,1.0,0.227,24,159.54936289787292,i,-,0
4781,10000.0,3918.643,3745.0,1.0,0.209,24,164.3793330192566,c,-,74
4782,10000.0,3834.29,3745.0,1.0,0.202,24,162.47090101242065,p,-,0
4783,10000.0,3861.705,3745.0,1.0,0.211,25,160.52066206932068,c,-,3
4784,10000.0,3811.562,3745.0,1.0,0.205,24,160.41642904281616,p,-,0
4785,10000.0,3821.702,3745.0,1.0,0.201,24,160.39345383644104,i,-,0
4786,10000.0,3867.791,3745.0,1.0,0.202,24,162.66523694992065,c,-,35
4787,10000.0,3979.235,3745.0,1.0,0.215,25,167.7998321056366,c,-,57
4788,10000.0,4020.164,3745.0,1.0,0.231,24,163.88093066215515,p,-,0
4789,10000.0,3884.784,3745.0,1.0,0.207,24,161.31561970710754,i,-,0
4790,10000.0,3966.434,3745.0,1.0,0.209,24,162.5725519657135,p,-,0
4791,10000.0,3919.271,3745.0,1.0,0.214,24,163.76161408424377,p,-,0
4792,10000.0,3842.352,3745.0,1.0,0.213,24,162.22787308692932,c,-,51
4793,10000.0,3924.111,3745.0,1.0,0.206,24,163.32034993171692,c,-,24
4794,10000.0,4082.975,3745.0,1.0,0.232,23,169.87035417556763,p,-,0
4795,10000.0,3790.547,3745.0,1.0,0.195,24,160.50032210350037,i,-,0
4796,10000.0,3767.784,3745.0,1.0,0.192,24,159.87751293182373,i,-,0
4797,10000.0,3906.625,3745.0,1.0,0.208,24,163.0497579574585,c,-,21
4798,10000.0,3770.246,3745.0,1.0,0.199,24,162.009948015213,p,-,0
4799,10000.0,3937.344,3745.0,1.0,0.212,24,165.14411878585815,p,-,0
4800,10000.0,3983.47,3745.0,1.0,0.217,24,166.000168800354,c,-,57
4801,10000.0,3945.332,3745.0,1.0,0.211,25,159.58593606948853,c,-,32
4802,10000.0,3816.225,3745.0,1.0,0.194,25,159.63750886917114,c,-,25
4803,10000.0,4090.594,3745.0,1.0,0.213,23,168.14227199554443,i,-,0
4804,10000.0,3988.37,3745.0,1.0,0.211,24,167.9025616645813,p,-,0
4805,10000.0,3986.754,3745.0,1.0,0.219,24,165.16574001312256,p,-,0
4806,10000.0,4045.815,3745.0,1.0,0.224,24,165.7105040550232,c,-,61
4807,10000.0,3742.354,3745.0,1.0,0.2,25,158.816082239151,c,-,47
4808,10000.0,3994.408,3745.0,1.0,0.223,24,165.43918108940125,c,-,69
4809,10000.0,3965.234,3745.0,1.0,0.209,24,168.77709889411926,p,-,0
4810,10000.0,3751.361,3745.0,1.0,0.196,25,158.80116200447083,p,-,0
4811,10000.0,3956.831,3745.0,1.0,0.212,24,161.23060011863708,i,-,0
4812,10000.0,4031.94,3745.0,1.0,0.215,23,170.15346026420593,c,-,67
4813,10000.0,3901.836,3745.0,1.0,0.205,24,163.85486793518066,p,-,0
4814,10000.0,3712.217,3745.0,1.0,0.186,25,161.27422499656677,i,-,0
4815,10000.0,3724.375,3745.0,1.0,0.187,25,160.51989912986755,p,-,0
4816,10000.0,3887.517,3745.0,1.0,0.192,24,162.69246578216553,c,-,65
4817,10000.0,3951.431,3745.0,1.0,0.2,23,166.84892082214355,p,-,0
4818,10000.0,3986.393,3745.0,1.0,0.207,24,164.44149327278137,c,-,50
4819,10000.0,3841.677,3745.0,1.0,0.2,23,166.49740290641785,p,-,0
4820,10000.0,3850.315,3745.0,1.0,0.208,24,161.14198303222656,c,-,43
4821,10000.0,3870.555,3745.0,1.0,0.212,24,163.6375470161438,p,-,0
4822,10000.0,3761.706,3745.0,1.0,0.201,24,163.08990216255188,c,-,23
4823,10000.0,3912.841,3745.0,1.0,0.212,24,168.11021184921265,c,-,14
4824,10000.0,3940.656,3745.0,1.0,0.222,24,164.34567523002625,c,-,61
4825,10000.0,4103.328,3745.0,1.0,0.228,23,170.65169477462769,i,-,0
4826,10000.0,3970.594,3745.0,1.0,0.217,24,165.96641612052917,p,-,0
4827,10000.0,3939.823,3745.0,1.0,0.213,23,167.71878504753113,p,-,0
4828,10000.0,3864.755,3745.0,1.0,0.215,24,160.0051839351654,p,-,0
4829,10000.0,3774.347,3745.0,1.0,0.19,25,156.31731414794922,p,-,0
4830,10000.0,3906.749,3745.0,1.0,0.203,24,162.9356369972229,i,-,0
4831,10000.0,4066.484,3745.0,1.0,0.222,23,170.91632294654846,p,-,0
4832,10000.0,3819.493,3745.0,1.0,0.206,25,160.93656015396118,c,-,38
4833,10000.0,3949.463,3745.0,1.0,0.213,24,166.06514191627502,c,-,58
4834,10000.0,3990.267,3745.0,1.0,0.222,23,169.12704300880432,c,-,65
4835,10000.0,3803.197,3745.0,1.0,0.195,24,161.39739203453064,p,-,0
4836,10000.0,3978.84,3745.0,1.0,0.206,24,167.46626806259155,c,-,38
4837,10000.0,3798.435,3745.0,1.0,0.197,25,161.64243602752686,c,-,41
4838,10000.0,3911.622,3745.0,1.0,0.211,24,161.0080828666687,c,-,88
4839,10000.0,3990.118,3745.0,1.0,0.218,23,168.9422640800476,p,-,0
4840,10000.0,3910.013,3745.0,1.0,0.207,24,164.93978071212769,c,-,64
4841,10000.0,3816.74,3745.0,1.0,0.198,24,162.0077841281891,p,-,0
4842,10000.0,3823.641,3745.0,1.0,0.197,25,159.05510807037354,p,-,0
4843,10000.0,3902.43,3745.0,1.0,0.214,24,164.9096338748932,p,-,0
4844,10000.0,3956.063,3745.0,1.0,0.212,24,166.47507619857788,p,-,0
4845,10000.0,3932.913,3745.0,1.0,0.206,25,164.99008011817932,c,-,88
4846,10000.0,3752.297,3745.0,1.0,0.197,24,160.22230672836304,p,-,0
4847,10000.0,3725.987,3745.0,1.0,0.183,25,154.6423397064209,c,-,36
4848,10000.0,3941.891,3745.0,1.0,0.223,23,168.56072402000427,p,-,0
4849,10000.0,3946.728,3745.0,1.0,0.214,24,165.30103492736816,p,-,0
4850,10000.0,4047.535,3745.0,1.0,0.215,23,167.83981013298035,c,-,53
4851,10000.0,3741.187,3745.0,1.0,0.192,26,156.97766971588135,c,-,56
4852,10000.0,4028.856,3745.0,1.0,0.215,23,168.7804160118103,c,-,39
4853,10000.0,3697.026,3745.0,1.0,0.188,25,157.71005177497864,i,-,0
4854,10000.0,3910.583,3745.0,1.0,0.204,24,163.84759902954102,p,-,0
4855,10000.0,3973.879,3745.0,1.0,0.217,25,163.98133087158203,i,-,0
4856,10000.0,3976.709,3745.0,1.0,0.215,24,168.68162202835083,c,-,41
4857,10000.0,3971.936,3745.0,1.0,0.217,23,169.82005405426025,i,-,0
4858,10000.0,3991.059,3745.0,1.0,0.214,24,165.11196899414062,i,-,0
4859,10000.0,3986.788,3745.0,1.0,0.213,23,166.10624718666077,i,-,0
4860,10000.0,3878.854,3745.0,1.0,0.208,24,164.59853410720825,p,-,0
4861,10000.0,3857.325,3745.0,1.0,0.209,25,160.65938591957092,p,-,0
4862,10000.0,3926.572,3745.0,1.0,0.207,24,167.10069918632507,p,-,0
4863,10000.0,3925.277,3745.0,1.0,0.219,24,164.22112679481506,i,-,0
4864,10000.0,3912.577,3745.0,1.0,0.207,24,164.6608922481537,p,-,0
4865,10000.0,3766.963,3745.0,1.0,0.191,26,157.12012720108032,c,-,53
4866,10000.0,3771.123,3745.0,1.0,0.198,24,162.02130818367004,c,-,44
4867,10000.0,3925.006,3745.0,1.0,0.209,24,165.90811777114868,i,-,0
4868,10000.0,3861.109,3745.0,1.0,0.208,25,159.73702812194824,i,-,0
4869,10000.0,3971.705,3745.0,1.0,0.214,24,166.41794896125793,c,-,73
4870,10000.0,3832.933,3745.0,1.0,0.203,25,158.6546528339386,c,-,39
4871,10000.0,3919.009,3745.0,1.0,0.215,25,162.358788728714,i,-,0
4872,10000.0,3901.302,3745.0,1.0,0.205,24,163.1264672279358,p,-,0
4873,10000.0,3888.2,3745.0,1.0,0.208,25,162.67881393432617,p,-,0
4874,10000.0,3854.823,3745.0,1.0,0.204,24,162.59011697769165,p,-,0
4875,10000.0,3843.785,3745.0,1.0,0.199,24,163.3800070285797,c,-,86
4876,10000.0,3863.481,3745.0,1.0,0.215,24,161.3557140827179,p,-,0
4877,10000.0,3884.757,3745.0,1.0,0.216,24,161.29375910758972,c,-,52
4878,10000.0,3816.104,3745.0,1.0,0.197,25,159.49113011360168,c,-,57
4879,10000.0,3936.26,3745.0,1.0,0.211,24,162.42342901229858,p,-,0
4880,10000.0,3889.665,3745.0,1.0,0.201,24,162.8272659778595,p,-,0
4881,10000.0,3934.001,3745.0,1.0,0.21,25,163.95407509803772,p,-,0
4882,10000.0,3955.865,3745.0,1.0,0.214,23,167.45857191085815,c,-,37
4883,10000.0,3909.787,3745.0,1.0,0.208,24,165.62723207473755,p,-,0
4884,10000.0,3915.749,3745.0,1.0,0.203,24,164.42985200881958,p,-,0
4885,10000.0,3874.321,3745.0,1.0,0.191,25,160.2986238002777,p,-,0
4886,10000.0,3838.196,3745.0,1.0,0.203,24,163.36531710624695,p,-,0
4887,10000.0,3923.814,3745.0,1.0,0.205,25,164.63108921051025,c,-,31
4888,10000.0,3829.577,3745.0,1.0,0.205,25,159.94845008850098,c,-,32
4889,10000.0,3766.128,3745.0,1.0,0.187,25,160.29025077819824,i,-,0
4890,10000.0,3785.176,3745.0,1.0,0.194,25,160.3364610671997,p,-,0
4891,10000.0,3862.677,3745.0,1.0,0.205,24,161.8446569442749,p,-,0
4892,10000.0,3858.414,3745.0,1.0,0.203,25,162.50765323638916,p,-,0
4893,10000.0,3941.078,3745.0,1.0,0.212,24,163.25897789001465,p,-,0
4894,10000.0,3913.545,3745.0,1.0,0.207,24,164.56947994232178,p,-,0
4895,10000.0,3969.646,3745.0,1.0,0.231,23,167.56909704208374,p,-,0
4896,10000.0,3868.627,3745.0,1.0,0.199,24,161.2200379371643,p,-,0
4897,10000.0,3924.234,3745.0,1.0,0.2,24,166.08366417884827,i,-,0
4898,10000.0,3769.243,3745.0,1.0,0.191,25,161.31993913650513,p,-,0
4899,10000.0,3769.243,3745.0,1.0,0.191,24,168.31049585342407,r,-,0
4900,10000.0,3578.504,3745.0,1.0,0.16,25,166.48776721954346,i,-,0
4901,10000.0,3740.508,3745.0,1.0,0.18,24,165.11348605155945,c,-,38
4902,10000.0,4012.241,3745.0,1.0,0.216,25,161.6216139793396,p,-,0
4903,10000.0,3905.267,3745.0,1.0,0.204,25,158.05601525306702,p,-,0
4904,10000.0,3889.288,3745.0,1.0,0.218,25,165.45506882667542,c,-,12
4905,10000.0,3945.475,3745.0,1.0,0.216,23,172.53496503829956,p,-,0
4906,10000.0,3818.248,3745.0,1.0,0.19,24,164.7796449661255,p,-,0
4907,10000.0,3911.738,3745.0,1.0,0.208,23,167.91850972175598,p,-,0
4908,10000.0,3790.453,3745.0,1.0,0.186,24,161.59981203079224,c,-,56
4909,10000.0,3989.512,3745.0,1.0,0.202,23,169.4137041568756,c,-,17
4910,10000.0,3946.199,3745.0,1.0,0.203,23,168.9181671142578,c,-,17
4911,10000.0,3914.268,3745.0,1.0,0.215,24,164.63401770591736,c,-,43
4912,10000.0,3885.095,3745.0,1.0,0.207,24,164.9066460132599,c,-,21
4913,10000.0,3921.817,3745.0,1.0,0.212,25,160.90150904655457,i,-,0
4914,10000.0,4112.406,3745.0,1.0,0.225,23,168.5013871192932,c,-,85
4915,10000.0,3953.079,3745.0,1.0,0.218,23,167.02841663360596,p,-,0
4916,10000.0,4027.867,3745.0,1.0,0.225,23,172.02497816085815,c,-,27
4917,10000.0,3950.591,3745.0,1.0,0.208,24,165.53597784042358,c,-,102
4918,10000.0,3892.641,3745.0,1.0,0.21,23,169.6663680076599,p,-,0
4919,10000.0,3998.772,3745.0,1.0,0.217,23,169.98091197013855,p,-,0
4920,10000.0,3969.487,3745.0,1.0,0.213,24,165.17679405212402,i,-,0
4921,10000.0,3744.317,3745.0,1.0,0.19,25,157.23202991485596,p,-,0
4922,10000.0,3838.664,3745.0,1.0,0.192,24,162.53620386123657,p,-,0
4923,10000.0,3878.961,3745.0,1.0,0.193,24,161.602196931839,p,-,0
4924,10000.0,4084.892,3745.0,1.0,0.217,24,172.3070719242096,i,-,0
4925,10000.0,4040.712,3745.0,1.0,0.223,23,170.8465130329132,p,-,0
4926,10000.0,4063.022,3745.0,1.0,0.226,23,172.75955820083618,c,-,39
4927,10000.0,3843.364,3745.0,1.0,0.208,24,163.36406302452087,c,-,83
4928,10000.0,3770.342,3745.0,1.0,0.194,24,162.92191696166992,i,-,0
4929,10000.0,3810.792,3745.0,1.0,0.194,24,165.97645807266235,p,-,0
4930,10000.0,4011.513,3745.0,1.0,0.207,23,171.76344299316406,p,-,0
4931,10000.0,3960.878,3745.0,1.0,0.204,24,165.0589199066162,p,-,0
4932,10000.0,3781.529,3745.0,1.0,0.205,25,158.59470987319946,p,-,0
4933,10000.0,3787.86,3745.0,1.0,0.193,25,157.91770672798157,i,-,0
4934,10000.0,3932.607,3745.0,1.0,0.203,24,165.57774019241333,p,-,0
4935,10000.0,3962.138,3745.0,1.0,0.199,24,164.59156370162964,p,-,0
4936,10000.0,3982.422,3745.0,1.0,0.218,24,165.48618865013123,i,-,0
4937,10000.0,3903.605,3745.0,1.0,0.209,24,165.83678221702576,p,-,0
4938,10000.0,3798.965,3745.0,1.0,0.199,24,163.21199798583984,c,-,53
4939,10000.0,3876.88,3745.0,1.0,0.2,24,163.2803659439087,c,-,80
4940,10000.0,3648.776,3745.0,1.0,0.169,25,158.4137179851532,p,-,0
4941,10000.0,3868.556,3745.0,1.0,0.202,24,167.35178422927856,i,-,0
4942,10000.0,4022.32,3745.0,1.0,0.217,23,167.57128405570984,i,-,0
4943,10000.0,3830.484,3745.0,1.0,0.192,25,158.62410688400269,p,-,0
4944,10000.0,3902.518,3745.0,1.0,0.215,25,161.2906620502472,c,-,97
4945,10000.0,3747.398,3745.0,1.0,0.195,25,159.90832591056824,p,-,0
4946,10000.0,3814.134,3745.0,1.0,0.207,24,161.59411096572876,p,-,0
4947,10000.0,3744.562,3745.0,1.0,0.208,24,159.8172800540924,p,-,0
4948,10000.0,4003.558,3745.0,1.0,0.219,23,172.38040804862976,c,-,33
4949,10000.0,3966.565,3745.0,1.0,0.207,24,165.94831109046936,c,-,21
4950,10000.0,3998.047,3745.0,1.0,0.223,23,174.2108302116394,c,-,19
4951,10000.0,3975.31,3745.0,1.0,0.224,23,168.47435903549194,c,-,69
4952,10000.0,3929.496,3745.0,1.0,0.206,25,168.3704960346222,p,-,0
4953,10000.0,4012.6,3745.0,1.0,0.216,24,162.70252513885498,i,-,0
4954,10000.0,4033.281,3745.0,1.0,0.22,24,169.3887951374054,p,-,0
4955,10000.0,3999.758,3745.0,1.0,0.221,24,166.5390441417694,p,-,0
4956,10000.0,3942.845,3745.0,1.0,0.203,23,169.77328395843506,i,-,0
4957,10000.0,3963.088,3745.0,1.0,0.21,23,170.3199818134308,i,-,0
4958,10000.0,3900.273,3745.0,1.0,0.212,24,167.19721174240112,c,-,44
4959,10000.0,3903.44,3745.0,1.0,0.217,24,163.14432311058044,c,-,113
4960,10000.0,3644.945,3745.0,1.0,0.189,24,162.25302815437317,p,-,0
4961,10000.0,3895.109,3745.0,1.0,0.211,24,162.8269166946411,c,-,18
4962,10000.0,3839.652,3745.0,1.0,0.201,25,162.4123342037201,p,-,0
4963,10000.0,3960.894,3745.0,1.0,0.22,25,162.21756291389465,p,-,0
4964,10000.0,4038.587,3745.0,1.0,0.229,23,168.6494209766388,c,-,42
4965,10000.0,3922.823,3745.0,1.0,0.216,23,166.53980493545532,c,-,40
4966,10000.0,3805.041,3745.0,1.0,0.204,24,163.2015597820282,p,-,0
4967,10000.0,3883.126,3745.0,1.0,0.213,24,164.87646317481995,p,-,0
4968,10000.0,3829.182,3745.0,1.0,0.187,25,160.72740602493286,p,-,0
4969,10000.0,3929.887,3745.0,1.0,0.203,23,168.2653350830078,c,-,36
4970,10000.0,3895.011,3745.0,1.0,0.204,23,170.25804710388184,i,-,0
4971,10000.0,3812.486,3745.0,1.0,0.197,25,162.12363409996033,p,-,0
4972,10000.0,3840.154,3745.0,1.0,0.208,25,160.44673919677734,c,-,34
4973,10000.0,3796.465,3745.0,1.0,0.209,26,155.62644696235657,c,-,38
4974,10000.0,3831.551,3745.0,1.0,0.198,25,163.57293486595154,c,-,81
4975,10000.0,3804.607,3745.0,1.0,0.189,24,163.56014823913574,i,-,0
4976,10000.0,3803.684,3745.0,1.0,0.206,24,162.69429397583008,p,-,0
4977,10000.0,3853.099,3745.0,1.0,0.196,23,165.96537899971008,c,-,15
4978,10000.0,3766.728,3745.0,1.0,0.194,23,168.7522268295288,p,-,0
4979,10000.0,4032.902,3745.0,1.0,0.217,23,169.7589099407196,c,-,18
4980,10000.0,3911.008,3745.0,1.0,0.215,24,164.75024008750916,c,-,49
4981,10000.0,4123.762,3745.0,1.0,0.229,23,172.46957182884216,c,-,45
4982,10000.0,3968.788,3745.0,1.0,0.218,24,162.27690196037292,c,-,90
4983,10000.0,3771.858,3745.0,1.0,0.191,25,160.21652674674988,c,-,52
4984,10000.0,3842.386,3745.0,1.0,0.204,25,161.53041982650757,c,-,46
4985,10000.0,3915.592,3745.0,1.0,0.206,24,164.29549479484558,p,-,0
4986,10000.0,3856.972,3745.0,1.0,0.196,25,158.6004297733307,p,-,0
4987,10000.0,3812.422,3745.0,1.0,0.2,24,165.85146808624268,c,-,24
4988,10000.0,3922.733,3745.0,1.0,0.208,23,168.99002885818481,i,-,0
4989,10000.0,3944.177,3745.0,1.0,0.207,24,167.0826427936554,c,-,110
4990,10000.0,3958.984,3745.0,1.0,0.21,23,169.6667709350586,i,-,0
4991,10000.0,3806.427,3745.0,1.0,0.201,24,166.3073718547821,p,-,0
4992,10000.0,3903.309,3745.0,1.0,0.208,24,166.26966190338135,c,-,35
4993,10000.0,3836.473,3745.0,1.0,0.207,24,161.62134885787964,p,-,0
4994,10000.0,3998.292,3745.0,1.0,0.221,24,162.84208583831787,c,-,21
4995,10000.0,3991.881,3745.0,1.0,0.213,24,167.71972107887268,c,-,54
4996,10000.0,3859.511,3745.0,1.0,0.211,24,161.57921504974365,i,-,0
4997,10000.0,4043.48,3745.0,1.0,0.229,23,169.76454186439514,p,-,0
4998,10000.0,3947.164,3745.0,1.0,0.204,24,167.68636512756348,p,-,0
4999,10000.0,3959.183,3745.0,1.0,0.219,23,169.10456204414368,p,-,0
5000,10000.0,3936.577,3745.0,1.0,0.209,23,168.648423910141,i,-,0
5001,10000.0,3871.92,3745.0,1.0,0.201,23,171.51882123947144,p,-,0
5002,10000.0,3879.042,3745.0,1.0,0.203,24,163.02005910873413,p,-,0
5003,10000.0,3877.482,3745.0,1.0,0.205,25,158.85507607460022,p,-,0
5004,10000.0,3953.955,3745.0,1.0,0.2,24,169.14733695983887,c,-,80
5005,10000.0,3847.129,3745.0,1.0,0.192,25,160.57382988929749,c,-,52
5006,10000.0,3786.895,3745.0,1.0,0.201,25,160.83886694908142,p,-,0
5007,10000.0,3647.784,3745.0,1.0,0.176,25,157.92726612091064,p,-,0
5008,10000.0,3756.418,3745.0,1.0,0.197,24,160.8870232105255,c,-,74
5009,10000.0,3925.32,3745.0,1.0,0.213,24,166.1074070930481,p,-,0
5010,10000.0,3945.577,3745.0,1.0,0.214,24,169.24349689483643,c,-,50
5011,10000.0,3842.489,3745.0,1.0,0.21,23,168.08490800857544,c,-,58
5012,10000.0,3937.533,3745.0,1.0,0.214,23,172.06986284255981,c,-,54
5013,10000.0,4075.565,3745.0,1.0,0.223,23,173.87498116493225,p,-,0
5014,10000.0,3959.654,3745.0,1.0,0.213,24,165.00591921806335,c,-,49
5015,10000.0,3954.51,3745.0,1.0,0.204,24,164.57257294654846,i,-,0
5016,10000.0,3996.495,3745.0,1.0,0.219,24,166.35596179962158,p,-,0
5017,10000.0,3949.645,3745.0,1.0,0.208,24,166.5107638835907,p,-,0
5018,10000.0,3940.122,3745.0,1.0,0.212,23,166.57811522483826,c,-,75
5019,10000.0,3673.814,3745.0,1.0,0.186,25,158.40544986724854,p,-,0
5020,10000.0,3718.474,3745.0,1.0,0.186,24,162.2852189540863,p,-,0
5021,10000.0,3817.85,3745.0,1.0,0.204,24,165.56191778182983,p,-,0
5022,10000.0,3993.584,3745.0,1.0,0.227,24,169.46507287025452,c,-,63
5023,10000.0,4103.638,3745.0,1.0,0.222,23,170.30181694030762,i,-,0
5024,10000.0,3803.82,3745.0,1.0,0.202,25,161.29578614234924,p,-,0
5025,10000.0,3586.961,3745.0,1.0,0.174,26,151.52061796188354,c,-,51
5026,10000.0,3813.63,3745.0,1.0,0.193,25,158.71319603919983,p,-,0
5027,10000.0,3992.847,3745.0,1.0,0.211,24,170.85165214538574,p,-,0
5028,10000.0,3884.777,3745.0,1.0,0.205,23,166.91831398010254,p,-,0
5029,10000.0,3916.7,3745.0,1.0,0.215,23,169.62858486175537,c,-,56
5030,10000.0,3951.279,3745.0,1.0,0.214,23,174.20811223983765,p,-,0
5031,10000.0,3871.838,3745.0,1.0,0.204,22,173.19579911231995,p,-,0
5032,10000.0,3870.203,3745.0,1.0,0.206,22,172.73673701286316,c,-,45
5033,10000.0,3881.197,3745.0,1.0,0.206,23,166.29041290283203,i,-,0
5034,10000.0,4073.939,3745.0,1.0,0.225,23,169.70227980613708,p,-,0
5035,10000.0,3911.288,3745.0,1.0,0.213,24,163.46068406105042,c,-,91
5036,10000.0,3907.168,3745.0,1.0,0.202,23,167.1022880077362,p,-,0
5037,10000.0,3904.429,3745.0,1.0,0.2,24,165.4796380996704,c,-,10
5038,10000.0,3927.071,3745.0,1.0,0.21,23,171.05269312858582,p,-,0
5039,10000.0,3982.439,3745.0,1.0,0.212,23,170.00656008720398,i,-,0
5040,10000.0,3908.918,3745.0,1.0,0.206,24,166.17692494392395,c,-,59
5041,10000.0,4016.28,3745.0,1.0,0.215,23,172.9623568058014,c,-,57
5042,10000.0,3935.986,3745.0,1.0,0.213,23,170.5503590106964,i,-,0
5043,10000.0,3984.023,3745.0,1.0,0.217,23,170.0719611644745,c,-,43
5044,10000.0,4050.097,3745.0,1.0,0.22,23,169.0033528804779,c,-,51
5045,10000.0,3987.562,3745.0,1.0,0.215,23,172.5843849182129,c,-,35
5046,10000.0,3987.562,3745.0,1.0,0.215,12,177.6025106906891,r,-,0
5047,10000.0,3609.314,3745.0,1.0,0.17,24,164.9036989212036,i,-,0
5048,10000.0,3870.798,3745.0,1.0,0.199,23,169.85457801818848,p,-,0
5049,10000.0,3836.355,3745.0,1.0,0.203,25,159.742342710495,p,-,0
5050,10000.0,3736.681,3745.0,1.0,0.186,24,162.34397196769714,i,-,0
5051,10000.0,3711.402,3745.0,1.0,0.183,25,156.50375294685364,p,-,0
5052,10000.0,3660.933,3745.0,1.0,0.185,25,156.64444589614868,c,-,5
5053,10000.0,3798.817,3745.0,1.0,0.19,22,182.26767206192017,i,-,0
5054,10000.0,3949.798,3745.0,1.0,0.215,23,171.64216327667236,p,-,0
5055,10000.0,3843.099,3745.0,1.0,0.196,24,163.44559788703918,i,-,0
5056,10000.0,3951.768,3745.0,1.0,0.201,24,161.1112277507782,c,-,31
5057,10000.0,4032.572,3745.0,1.0,0.223,26,156.58129119873047,p,-,0
5058,10000.0,3906.25,3745.0,1.0,0.202,12,306.031925201416,i,-,0
5059,10000.0,4010.416,3745.0,1.0,0.222,19,166.01258492469788,i,-,0
5060,10000.0,3852.84,3745.0,1.0,0.204,17,215.09883284568787,c,-,27
5061,10000.0,3844.512,3745.0,1.0,0.202,20,191.26685500144958,p,-,0
5062,10000.0,3900.503,3745.0,1.0,0.199,26,150.2594130039215,c,-,15
5063,10000.0,3953.007,3745.0,1.0,0.212,21,182.3170108795166,c,-,71
5064,10000.0,3978.211,3745.0,1.0,0.211,14,186.29420590400696,p,-,0
5065,10000.0,3910.653,3745.0,1.0,0.203,19,191.7156867980957,i,-,0
5066,10000.0,3886.676,3745.0,1.0,0.2,25,157.28955221176147,i,-,0
5067,10000.0,3976.066,3745.0,1.0,0.214,23,162.28528904914856,c,-,72
5068,10000.0,3822.006,3745.0,1.0,0.208,25,154.0997350215912,p,-,0
5069,10000.0,4011.404,3745.0,1.0,0.202,26,149.99223589897156,c,-,36
5070,10000.0,4011.404,3745.0,1.0,0.202,26,153.27392196655273,r,-,0
5071,10000.0,3659.95,3745.0,1.0,0.177,20,142.01428389549255,c,-,13
5072,10000.0,3848.425,3745.0,1.0,0.189,20,155.5663411617279,p,-,0
5073,10000.0,3877.066,3745.0,1.0,0.203,27,145.66901993751526,p,-,0
5074,10000.0,3827.687,3745.0,1.0,0.207,26,143.10277700424194,c,-,22
5075,10000.0,3960.812,3745.0,1.0,0.217,26,150.20145797729492,p,-,0
5076,10000.0,3911.753,3745.0,1.0,0.209,24,149.72838687896729,c,-,11
5077,10000.0,3793.173,3745.0,1.0,0.186,24,142.88793921470642,p,-,0
5078,10000.0,3863.366,3745.0,1.0,0.215,25,151.02117204666138,p,-,0
5079,10000.0,3922.531,3745.0,1.0,0.206,25,148.36463570594788,p,-,0
5080,10000.0,3932.883,3745.0,1.0,0.214,28,142.6300539970398,p,-,0
5081,10000.0,3799.671,3745.0,1.0,0.192,27,141.46181201934814,c,-,56
5082,10000.0,3811.726,3745.0,1.0,0.191,27,145.9169511795044,c,-,18
5083,10000.0,3894.454,3745.0,1.0,0.203,17,204.6068732738495,p,-,0
5084,10000.0,3915.211,3745.0,1.0,0.21,21,187.2505121231079,i,-,0
5085,10000.0,3921.857,3745.0,1.0,0.215,19,158.93935585021973,p,-,0
5086,10000.0,3679.651,3745.0,1.0,0.186,26,153.0436770915985,p,-,0
5087,10000.0,3832.879,3745.0,1.0,0.211,24,168.92348790168762,p,-,0
5088,10000.0,3961.2,3745.0,1.0,0.214,23,161.46397304534912,p,-,0
5089,10000.0,3791.001,3745.0,1.0,0.189,25,157.21767711639404,p,-,0
5090,10000.0,3891.063,3745.0,1.0,0.199,24,161.48543906211853,p,-,0
5091,10000.0,3897.288,3745.0,1.0,0.211,25,158.7401828765869,i,-,0
5092,10000.0,3835.676,3745.0,1.0,0.209,19,158.23188710212708,c,-,68
5093,10000.0,3950.529,3745.0,1.0,0.211,22,169.74755311012268,c,-,27
5094,10000.0,3937.185,3745.0,1.0,0.199,24,165.1022310256958,c,-,39
5095,10000.0,3858.019,3745.0,1.0,0.208,21,160.35549116134644,p,-,0
5096,10000.0,3809.17,3745.0,1.0,0.188,26,154.03620314598083,p,-,0
5097,10000.0,4061.263,3745.0,1.0,0.211,26,156.78028106689453,p,-,0
5098,10000.0,3959.253,3745.0,1.0,0.206,25,156.07882475852966,c,-,50
5099,10000.0,3851.733,3745.0,1.0,0.199,27,159.37092113494873,i,-,0
5100,10000.0,3935.297,3745.0,1.0,0.208,21,165.62376618385315,c,-,19
5101,10000.0,3872.635,3745.0,1.0,0.206,25,162.76279282569885,c,-,36
5102,10000.0,3848.087,3745.0,1.0,0.201,18,178.11664581298828,i,-,0
5103,10000.0,3885.345,3745.0,1.0,0.212,23,162.64033794403076,p,-,0
5104,10000.0,3852.352,3745.0,1.0,0.196,24,166.03001999855042,p,-,0
5105,10000.0,3968.145,3745.0,1.0,0.222,25,157.05507802963257,c,-,28
5106,10000.0,4000.748,3745.0,1.0,0.211,24,168.18170499801636,p,-,0
5107,10000.0,4030.793,3745.0,1.0,0.221,24,166.20578980445862,p,-,0
5108,10000.0,3629.884,3745.0,1.0,0.18,22,154.85636568069458,c,-,43
5109,10000.0,3888.068,3745.0,1.0,0.203,24,162.39890360832214,c,-,79
5110,10000.0,3826.365,3745.0,1.0,0.198,26,165.4533178806305,c,-,51
5111,10000.0,3865.957,3745.0,1.0,0.203,26,153.9981987476349,c,-,93
5112,10000.0,3865.957,3745.0,1.0,0.203,8,276.15863609313965,r,-,0
5113,10000.0,3569.442,3745.0,1.0,0.165,18,174.5112340450287,c,-,24
5114,10000.0,3866.091,3745.0,1.0,0.201,22,180.67757272720337,i,-,0
5115,10000.0,3795.787,3745.0,1.0,0.194,23,176.232439994812,p,-,0
5116,10000.0,3839.023,3745.0,1.0,0.2,23,158.10166192054749,p,-,0
5117,10000.0,4008.741,3745.0,1.0,0.216,23,159.28698706626892,p,-,0
5118,10000.0,3961.51,3745.0,1.0,0.215,20,153.5245180130005,c,-,20
5119,10000.0,3875.784,3745.0,1.0,0.205,23,185.78219318389893,c,-,58
5120,10000.0,3898.079,3745.0,1.0,0.206,23,156.4275221824646,i,-,0
5121,10000.0,3830.891,3745.0,1.0,0.199,26,153.9510190486908,p,-,0
5122,10000.0,3845.541,3745.0,1.0,0.194,23,156.17225885391235,p,-,0
5123,10000.0,3877.674,3745.0,1.0,0.201,26,154.21318292617798,p,-,0
5124,10000.0,3714.056,3745.0,1.0,0.18,26,150.25907683372498,p,-,0
5125,10000.0,3922.882,3745.0,1.0,0.198,22,160.94278812408447,p,-,0
5126,10000.0,3992.431,3745.0,1.0,0.203,25,168.16889786720276,c,-,19
